{
  // These tasks will run in order when initializing your CodeSandbox project.
  "setupTasks": [
    {
      "name": "Install Dependencies",
      "command": "yarn install"
    }
  ],

  // These tasks can be run from CodeSandbox. Running one will open a log in the app.
  "tasks": {
    "start": {
      "name": "start",
      "command": "yarn start",
      "runAtStart": true,
      "preview": {
        "port": 3000
      }
    },
    "build": {
      "name": "build",
      "command": "yarn build",
      "runAtStart": false
    },
    "test": {
      "name": "test",
      "command": "yarn test",
      "runAtStart": false
    },
    "eject": {
      "name": "eject",
      "command": "yarn eject",
      "runAtStart": false
    }
  }
}
